Adrar;Adrar;1
Tamest;Adrar;1
Reggane;Adrar;1
inzghmir;Adrar;1
Tit;Adrar;1
Tsabit;Adrar;1
Zaouiet Kounta;Adrar;1
Aoulef;Adrar;1
Tamekten;Adrar;1
Tamantit;Adrar;1
Fenoughil;Adrar;1
Sali;Adrar;1
Akabli;Adrar;1
Ouled Ahmed Tammi;Adrar;1
Bouda;Adrar;1
Sebaa;Adrar;1
Chlef;Chlef;2
Ténès;Chlef;2
Bénairia;Chlef;2
El Karimia;Chlef;2
Tadjena;Chlef;2
Taougrite;Chlef;2
Beni Haoua;Chlef;2
Sobha;Chlef;2
Harchoun;Chlef;2
Ouled Fares;Chlef;2
Sidi Akkacha;Chlef;2
Boukadir;Chlef;2
Beni Rached;Chlef;2
Talassa;Chlef;2
Harenfa;Chlef;2
Oued Goussine;Chlef;2
Dahra;Chlef;2
Ouled Abbes;Chlef;2
Sendjas;Chlef;2
Zeboudja;Chlef;2
Oued Sly;Chlef;2
Abou El Hassan;Chlef;2
El Marsa;Chlef;2
Chettia;Chlef;2
Sidi Abderrahmane;Chlef;2
Moussadek;Chlef;2
El Hadjadj;Chlef;2
Labiod Medjadja;Chlef;2
Oued Fodda;Chlef;2
Ouled Ben Abdelkader;Chlef;2
Bouzeghaia;Chlef;2
Aïn Merane;Chlef;2
Oum Drou;Chlef;2
Breira;Chlef;2
Beni Bouateb;Chlef;2
Laghouat;Laghouat;3
Ksar El Hirane;Laghouat;3
Bennasser Benchohra;Laghouat;3
Sidi Makhlouf;Laghouat;3
Hassi Delaa;Laghouat;3
Hassi R'Mel;Laghouat;3
Aïn Madhi;Laghouat;3
Tadjemout;Laghouat;3
Kheneg;Laghouat;3
Gueltat Sidi Saad;Laghouat;3
Aïn Sidi Ali;Laghouat;3
Beidha;Laghouat;3
Brida;Laghouat;3
El Ghicha;Laghouat;3
Hadj Mechri;Laghouat;3
Sebgag;Laghouat;3
Taouiala;Laghouat;3
Tadjrouna;Laghouat;3
Aflou;Laghouat;3
El Assafia;Laghouat;3
Oued Morra;Laghouat;3
Oued M'Zi;Laghouat;3
El Houaita;Laghouat;3
Sidi Bouzid;Laghouat;3
Oum el Bouaghi;Oum El Bouaghi;4
Aïn Beïda;Oum El Bouaghi;4
Aïn M'lila;Oum El Bouaghi;4
Behir Chergui;Oum El Bouaghi;4
El Amiria;Oum El Bouaghi;4
Sigus;Oum El Bouaghi;4
El Belala;Oum El Bouaghi;4
Aïn Babouche;Oum El Bouaghi;4
Berriche;Oum El Bouaghi;4
Ouled Hamla;Oum El Bouaghi;4
Dhalaa;Oum El Bouaghi;4
Aïn Kercha;Oum El Bouaghi;4
Hanchir Toumghani;Oum El Bouaghi;4
El Djazia;Oum El Bouaghi;4
Aïn Diss;Oum El Bouaghi;4
Fkirina;Oum El Bouaghi;4
Souk Naamane;Oum El Bouaghi;4
Zorg;Oum El Bouaghi;4
El Fedjoudj Boughrara Saoudi;Oum El Bouaghi;4
Ouled Zouaï;Oum El Bouaghi;4
Bir Chouhada;Oum El Bouaghi;4
Ksar Sbahi;Oum El Bouaghi;4
Oued Nini;Oum El Bouaghi;4
Meskiana;Oum El Bouaghi;4
Aïn Fakroun;Oum El Bouaghi;4
Rahia;Oum El Bouaghi;4
Aïn Zitoun;Oum El Bouaghi;4
Ouled Gacem;Oum El Bouaghi;4
El Harmilia;Oum El Bouaghi;4
Batna;Batna;5
Ghassira;Batna;5
Maafa;Batna;5
Merouana;Batna;5
Seriana;Batna;5
Menaa;Batna;5
El Madher;Batna;5
Tazoult;Batna;5
N'Gaous;Batna;5
Guigba;Batna;5
Inoughissen;Batna;5
Ouyoun El Assafir;Batna;5
Djerma;Batna;5
Bitam;Batna;5
Abdelkader Azil;Batna;5
Arris;Batna;5
Kimmel;Batna;5
Tilatou;Batna;5
Aïn Djasser;Batna;5
Ouled Sellam;Batna;5
Tigherghar;Batna;5
Aïn Yagout;Batna;5
Sefiane;Batna;5
Fesdis;Batna;5
Rahbat;Batna;5
Tighanimine;Batna;5
Lemsane;Batna;5
Ksar Bellezma;Batna;5
Seggana;Batna;5
Ichmoul;Batna;5
Foum Toub;Batna;5
Ben Foudhala El Hakania;Batna;5
Oued El Ma;Batna;5
Talkhamt;Batna;5
Bouzina;Batna;5
Chemora;Batna;5
Oued Chaaba;Batna;5
Taxlent;Batna;5
Gosbat;Batna;5
Ouled Aouf;Batna;5
Boumagueur;Batna;5
Barika;Batna;5
Djezar;Batna;5
T'Kout;Batna;5
Aïn Touta;Batna;5
Hidoussa;Batna;5
Teniet El Abed;Batna;5
Oued Taga;Batna;5
Ouled Fadel;Batna;5
Timgad;Batna;5
Ras El Aioun;Batna;5
Chir;Batna;5
Ouled Si Slimane;Batna;5
Zanat El Beida;Batna;5
M'doukel;Batna;5
Ouled Ammar;Batna;5
El Hassi;Batna;5
Lazrou;Batna;5
Boumia (Batna);Batna;5
Boulhilat;Batna;5
Larbaâ;Batna;5
Béjaïa;Béjaïa;6
Amizour;Béjaïa;6
Ferraoun;Béjaïa;6
Taourirt Ighil;Béjaïa;6
Chellata;Béjaïa;6
Tamokra;Béjaïa;6
Timezrit;Béjaïa;6
Souk El Ténine;Béjaïa;6
M'cisna;Béjaïa;6
Tinabdher;Béjaïa;6
Tichy;Béjaïa;6
Semaoun;Béjaïa;6
Kendira;Béjaïa;6
Tifra;Béjaïa;6
Ighram;Béjaïa;6
Amalou;Béjaïa;6
Ighil Ali;Béjaïa;6
Fenaïa Ilmaten;Béjaïa;6
Toudja;Béjaïa;6
Darguina;Béjaïa;6
Sidi-Ayad;Béjaïa;6
Aokas;Béjaïa;6
Ait Djellil;Béjaïa;6
Adekar;Béjaïa;6
Akbou;Béjaïa;6
Seddouk;Béjaïa;6
Tazmalt;Béjaïa;6
Aït-R'zine;Béjaïa;6
Chemini;Béjaïa;6
Souk-Oufella;Béjaïa;6
Taskriout;Béjaïa;6
Tibane;Béjaïa;6
Tala Hamza;Béjaïa;6
Barbacha;Béjaïa;6
Aït Ksila;Béjaïa;6
Ouzellaguen;Béjaïa;6
Bouhamza;Béjaïa;6
Beni Mellikeche;Béjaïa;6
Sidi-Aïch;Béjaïa;6
El Kseur;Béjaïa;6
Melbou;Béjaïa;6
Akfadou;Béjaïa;6
Leflaye;Béjaïa;6
Kherrata;Béjaïa;6
Draâ El-Kaïd;Béjaïa;6
Tamridjet;Béjaïa;6
Aït-Smail;Béjaïa;6
Boukhelifa;Béjaïa;6
Tizi N'Berber;Béjaïa;6
Aït Maouche;Béjaïa;6
Oued Ghir;Béjaïa;6
Boudjellil;Béjaïa;6
Aïn Naga;Biskra;7
Aïn Zaatout;Biskra;7
Biskra;Biskra;7
Bordj Ben Azzouz;Biskra;7
Bouchagroune;Biskra;7
Branis;Biskra;7
Chetma;Biskra;7
Djemorah;Biskra;7
El Feidh;Biskra;7
El Ghrous;Biskra;7
El Hadjeb;Biskra;7
El Haouch;Biskra;7
El Kantara;Biskra;7
El Mizaraa;Biskra;7
El Outaya;Biskra;7
Foughala;Biskra;7
Khenguet Sidi Nadji;Biskra;7
Lichana;Biskra;7
Lioua;Biskra;7
M'Chouneche;Biskra;7
Mekhadma;Biskra;7
M'Lili;Biskra;7
Oumache;Biskra;7
Ourlal;Biskra;7
Sidi Okba;Biskra;7
Tolga;Biskra;7
Zeribet El Oued;Biskra;7
Béchar;Béchar;8
Erg Ferradj;Béchar;8
Meridja;Béchar;8
Lahmar;Béchar;8
Mechraa Houari Boumedienne;Béchar;8
Kenadsa;Béchar;8
Taghit;Béchar;8
Boukais;Béchar;8
Mougheul;Béchar;8
Abadla;Béchar;8
Beni Ounif;Béchar;8
Blida;Blida;9
Chebli;Blida;9
Bouinan;Blida;9
Oued Alleug;Blida;9
Ouled Yaïch;Blida;9
Chréa;Blida;9
El Affroun;Blida;9
Chiffa;Blida;9
Hammam Melouane;Blida;9
Benkhelil;Blida;9
Soumaa;Blida;9
Mouzaia;Blida;9
Souhane;Blida;9
Meftah;Blida;9
Ouled Slama;Blida;9
Boufarik;Blida;9
Larbaa;Blida;9
Oued Djer;Blida;9
Beni Tamou;Blida;9
Bouarfa;Blida;9
Beni Mered;Blida;9
Bougara;Blida;9
Guerouaou;Blida;9
Aïn Romana;Blida;9
Djebabra;Blida;9
Aïn Bessem;Bouira;10
Hanif;Bouira;10
Aghbalou;Bouira;10
Aïn El Hadjar;Bouira;10
Ahl El Ksar;Bouira;10
Aïn Laloui;Bouira;10
Ath Mansour;Bouira;10
Aomar;Bouira;10
Aïn El Turc;Bouira;10
Aït Laziz;Bouira;10
Bouderbala;Bouira;10
Bechloul;Bouira;10
Bir Ghbalou;Bouira;10
Boukram;Bouira;10
Bordj Okhriss;Bouira;10
Bouira;Bouira;10
Chorfa;Bouira;10
Dechmia;Bouira;10
Dirrah;Bouira;10
Djebahia;Bouira;10
El Hakimia;Bouira;10
El Hachimia;Bouira;10
El Adjiba;Bouira;10
El Khabouzia;Bouira;10
El Mokrani;Bouira;10
El Asnam;Bouira;10
Guerrouma;Bouira;10
Haizer;Bouira;10
Hadjera Zerga;Bouira;10
Kadiria;Bouira;10
Lakhdaria;Bouira;10
M'Chedallah;Bouira;10
Mezdour;Bouira;10
Maala;Bouira;10
Maamora;Bouira;10
Oued El Berdi;Bouira;10
Ouled Rached;Bouira;10
Raouraoua;Bouira;10
Ridane;Bouira;10
Saharidj;Bouira;10
Sour El Ghouzlane;Bouira;10
Souk El Khemis;Bouira;10
Taguedit;Bouira;10
Taghzout;Bouira;10
Zbarbar;Bouira;10
Tamanrasset;Tamanrasset;11
Abalessa;Tamanrasset;11
Idles;Tamanrasset;11
Tazrouk;Tamanrasset;11
In Amguel;Tamanrasset;11
Tébessa;Tébessa;12
Bir el-Ater;Tébessa;12
Cheria;Tébessa;12
Stah Guentis;Tébessa;12
El Aouinet;Tébessa;12
El Houidjbet;Tébessa;12
Safsaf El Ouesra;Tébessa;12
Hammamet;Tébessa;12
Negrine;Tébessa;12
Bir Mokkadem;Tébessa;12
El Kouif;Tébessa;12
Morsott;Tébessa;12
El Ogla;Tébessa;12
Bir Dheb;Tébessa;12
Ogla Melha;Tébessa;12
Guorriguer;Tébessa;12
Bekkaria;Tébessa;12
Boukhadra;Tébessa;12
Ouenza;Tébessa;12
El Ma Labiodh;Tébessa;12
Oum Ali;Tébessa;12
Tlidjene;Tébessa;12
Aïn Zerga;Tébessa;12
El Meridj;Tébessa;12
Boulhaf Dir;Tébessa;12
Bedjene;Tébessa;12
El Mezeraa;Tébessa;12
Ferkane;Tébessa;12
Tlemcen;Tlemcen;13
Beni Mester;Tlemcen;13
Aïn Tallout;Tlemcen;13
Remchi;Tlemcen;13
El Fehoul;Tlemcen;13
Sabra;Tlemcen;13
Ghazaouet;Tlemcen;13
Souani;Tlemcen;13
Djebala;Tlemcen;13
El Gor;Tlemcen;13
Oued Lakhdar;Tlemcen;13
Aïn Fezza;Tlemcen;13
Ouled Mimoun;Tlemcen;13
Amieur;Tlemcen;13
Aïn Youcef;Tlemcen;13
Zenata;Tlemcen;13
Beni Snous;Tlemcen;13
Bab El Assa;Tlemcen;13
Dar Yaghmouracene;Tlemcen;13
Fellaoucene;Tlemcen;13
Azails;Tlemcen;13
Sebaa Chioukh;Tlemcen;13
Terny Beni Hdiel;Tlemcen;13
Bensekrane;Tlemcen;13
Aïn Nehala;Tlemcen;13
Hennaya;Tlemcen;13
Maghnia;Tlemcen;13
Hammam Boughrara;Tlemcen;13
Souahlia;Tlemcen;13
MSirda Fouaga;Tlemcen;13
Aïn Fetah;Tlemcen;13
El Aricha;Tlemcen;13
Souk Tlata;Tlemcen;13
Sidi Abdelli;Tlemcen;13
Sebdou;Tlemcen;13
Beni Ouarsous;Tlemcen;13
Sidi Medjahed;Tlemcen;13
Beni Boussaid;Tlemcen;13
Marsa Ben M'Hidi;Tlemcen;13
Nedroma;Tlemcen;13
Sidi Djillali;Tlemcen;13
Beni Bahdel;Tlemcen;13
El Bouihi;Tlemcen;13
Honaïne;Tlemcen;13
Tienet;Tlemcen;13
Ouled Riyah;Tlemcen;13
Bouhlou;Tlemcen;13
Beni Khellad;Tlemcen;13
Aïn Ghoraba;Tlemcen;13
Chetouane;Tlemcen;13
Mansourah;Tlemcen;13
Beni Semiel;Tlemcen;13
Aïn Kebira;Tlemcen;13
Aïn Bouchekif;Tiaret;14
Aïn Deheb;Tiaret;14
Aïn El Hadid;Tiaret;14
Aïn Kermes;Tiaret;14
Aïn Dzarit;Tiaret;14
Bougara;Tiaret;14
Chehaima;Tiaret;14
Dahmouni;Tiaret;14
Djebilet Rosfa;Tiaret;14
Djillali Ben Amar;Tiaret;14
Faidja;Tiaret;14
Frenda;Tiaret;14
Guertoufa;Tiaret;14
Hamadia;Tiaret;14
Ksar Chellala;Tiaret;14
Madna;Tiaret;14
Mahdia;Tiaret;14
Mechraa Safa;Tiaret;14
Medrissa;Tiaret;14
Medroussa;Tiaret;14
Meghila;Tiaret;14
Mellakou;Tiaret;14
Nadorah;Tiaret;14
Naima;Tiaret;14
Oued Lilli;Tiaret;14
Rahouia;Tiaret;14
Rechaïga;Tiaret;14
Sebaïne;Tiaret;14
Sebt;Tiaret;14
Serghine;Tiaret;14
Si Abdelghani;Tiaret;14
Sidi Abderahmane;Tiaret;14
Sidi Ali Mellal;Tiaret;14
Sidi Bakhti;Tiaret;14
Sidi Hosni;Tiaret;14
Sougueur;Tiaret;14
Tagdemt;Tiaret;14
Takhemaret;Tiaret;14
Tiaret;Tiaret;14
Tidda;Tiaret;14
Tousnina;Tiaret;14
Zmalet El Emir Abdelkader;Tiaret;14
Tizi Ouzou;Tizi Ouzou;15
Ain El Hammam;Tizi Ouzou;15
Akbil;Tizi Ouzou;15
Freha;Tizi Ouzou;15
Souamaâ;Tizi Ouzou;15
Mechtras;Tizi Ouzou;15
Irdjen;Tizi Ouzou;15
Timizart;Tizi Ouzou;15
Makouda;Tizi Ouzou;15
Draâ El Mizan;Tizi Ouzou;15
Tizi Gheniff;Tizi Ouzou;15
Bounouh;Tizi Ouzou;15
Aït Chafâa;Tizi Ouzou;15
Frikat;Tizi Ouzou;15
Beni Aïssi;Tizi Ouzou;15
Aït Zmenzer;Tizi Ouzou;15
Iferhounène;Tizi Ouzou;15
Azazga;Tizi Ouzou;15
Illoula Oumalou;Tizi Ouzou;15
Yakouren;Tizi Ouzou;15
Larbaâ Nath Irathen;Tizi Ouzou;15
Tizi Rached;Tizi Ouzou;15
Zekri;Tizi Ouzou;15
Ouaguenoun;Tizi Ouzou;15
Aïn Zaouia;Tizi Ouzou;15
Imkiren;Tizi Ouzou;15
Aït Yahia;Tizi Ouzou;15
Aït Mahmoud;Tizi Ouzou;15
Mâatkas;Tizi Ouzou;15
Aït Boumahdi;Tizi Ouzou;15
Abi Youcef;Tizi Ouzou;15
Beni Douala;Tizi Ouzou;15
Illilten;Tizi Ouzou;15
Bouzeguène;Tizi Ouzou;15
Aït Aggouacha;Tizi Ouzou;15
Ouadhia;Tizi Ouzou;15
Azeffoun;Tizi Ouzou;15
Tigzirt;Tizi Ouzou;15
Aït Aïssa Mimoun;Tizi Ouzou;15
Boghni;Tizi Ouzou;15
Ifigha;Tizi Ouzou;15
Aït Oumalou;Tizi Ouzou;15
Tirmitine;Tizi Ouzou;15
Akerrou;Tizi Ouzou;15
Yatafen;Tizi Ouzou;15
Ath Zikki;Tizi Ouzou;15
Draâ Ben Khedda;Tizi Ouzou;15
Aït Ouacif;Tizi Ouzou;15
Idjeur;Tizi Ouzou;15
Mekla;Tizi Ouzou;15
Tizi N'Tleta;Tizi Ouzou;15
Aït Yenni;Tizi Ouzou;15
Aghribs;Tizi Ouzou;15
Iflissen;Tizi Ouzou;15
Boudjima;Tizi Ouzou;15
Aït Yahia Moussa;Tizi Ouzou;15
Souk El Thenine;Tizi Ouzou;15
Aït Khellili;Tizi Ouzou;15
Sidi Namane;Tizi Ouzou;15
Iboudraren;Tizi Ouzou;15
Agouni Gueghrane;Tizi Ouzou;15
Mizrana;Tizi Ouzou;15
Imsouhel;Tizi Ouzou;15
Tadmaït;Tizi Ouzou;15
Aït Bouaddou;Tizi Ouzou;15
Assi Youcef;Tizi Ouzou;15
Aït Toudert;Tizi Ouzou;15
Alger-Centre;Alger;16
Sidi M'Hamed;Alger;16
El Madania;Alger;16
Belouizdad;Alger;16
Bab El Oued;Alger;16
Bologhine;Alger;16
Casbah;Alger;16
Oued Koriche;Alger;16
Bir Mourad Raïs;Alger;16
El Biar;Alger;16
Bouzareah;Alger;16
Birkhadem;Alger;16
El Harrach;Alger;16
Baraki;Alger;16
Oued Smar;Alger;16
Bachdjerrah;Alger;16
Hussein Dey;Alger;16
Kouba;Alger;16
Bourouba;Alger;16
Dar El Beïda;Alger;16
Bab Ezzouar;Alger;16
Ben Aknoun;Alger;16
Dely Ibrahim;Alger;16
El Hammamet;Alger;16
Raïs Hamidou;Alger;16
Djasr KasentinaNote 1;Alger;16
El Mouradia;Alger;16
Hydra;Alger;16
Mohammadia;Alger;16
Bordj El Kiffan;Alger;16
El Magharia;Alger;16
Beni Messous;Alger;16
Les Eucalyptus;Alger;16
Birtouta;Alger;16
Tessala El Merdja;Alger;16
Ouled Chebel;Alger;16
Sidi Moussa;Alger;16
Aïn Taya;Alger;16
Bordj El Bahri;Alger;16
El Marsa;Alger;16
H'raoua;Alger;16
Rouïba;Alger;16
Reghaïa;Alger;16
Aïn Benian;Alger;16
Staoueli;Alger;16
Zeralda;Alger;16
Mahelma;Alger;16
Rahmania;Alger;16
Souidania;Alger;16
Cheraga;Alger;16
Ouled Fayet;Alger;16
El Achour;Alger;16
Draria;Alger;16
Douera;Alger;16
Baba Hassen;Alger;16
Khraicia;Alger;16
Saoula;Alger;16
Aïn Chouhada;Djelfa;17
Aïn El Ibel;Djelfa;17
Aïn Feka;Djelfa;17
Aïn Maabed;Djelfa;17
Aïn Oussara;Djelfa;17
Amourah;Djelfa;17
Benhar;Djelfa;17
Beni Yagoub;Djelfa;17
Birine;Djelfa;17
Bouira Lahdab;Djelfa;17
Charef;Djelfa;17
Dar Chioukh;Djelfa;17
Deldoul;Djelfa;17
Djelfa;Djelfa;17
Douis;Djelfa;17
El Guedid;Djelfa;17
El Idrissia;Djelfa;17
El Khemis;Djelfa;17
Faidh El Botma;Djelfa;17
Guernini;Djelfa;17
Guettara;Djelfa;17
Had-Sahary;Djelfa;17
Hassi Bahbah;Djelfa;17
Hassi El Euch;Djelfa;17
Hassi Fedoul;Djelfa;17
Messaad;Djelfa;17
M'Liliha;Djelfa;17
Moudjebara;Djelfa;17
Oum Laadham;Djelfa;17
Sed Rahal;Djelfa;17
Selmana;Djelfa;17
Sidi Baizid;Djelfa;17
Sidi Ladjel;Djelfa;17
Tadmit;Djelfa;17
Zaafrane;Djelfa;17
Zaccar;Djelfa;17
Jijel;Jijel;18
Eraguene;Jijel;18
El Aouana;Jijel;18
Ziama Mansouriah;Jijel;18
Taher;Jijel;18
Emir Abdelkader;Jijel;18
Chekfa;Jijel;18
Chahna;Jijel;18
El Milia;Jijel;18
Sidi Maarouf;Jijel;18
Settara;Jijel;18
El Ancer;Jijel;18
Sidi Abdelaziz;Jijel;18
Kaous;Jijel;18
Ghebala;Jijel;18
Bouraoui Belhadef;Jijel;18
Djimla;Jijel;18
Selma Benziada;Jijel;18
Boucif Ouled Askeur;Jijel;18
El Kennar Nouchfi;Jijel;18
Ouled Yahia Khedrouche;Jijel;18
Boudriaa Ben Yadjis;Jijel;18
Kheïri Oued Adjoul;Jijel;18
Texenna;Jijel;18
Djemaa Beni Habibi;Jijel;18
Bordj Tahar;Jijel;18
Ouled Rabah;Jijel;18
Ouadjana;Jijel;18
Aïn Abessa;Setif;19
Aïn Arnat;Setif;19
Aïn Azel;Setif;19
Aïn El Kebira;Setif;19
Aïn Lahdjar;Setif;19
Aïn Legradj;Setif;19
Aïn Oulmene;Setif;19
Aïn Roua;Setif;19
Aïn Sebt;Setif;19
Aït Naoual Mezada;Setif;19
Aït Tizi;Setif;19
Beni Ouartilene;Setif;19
Amoucha;Setif;19
Babor;Setif;19
Bazer Sakhra;Setif;19
Beidha Bordj;Setif;19
Belaa;Setif;19
Beni Aziz;Setif;19
Beni Chebana;Setif;19
Beni Fouda;Setif;19
Beni Hocine;Setif;19
Beni Mouhli;Setif;19
Bir El Arch;Setif;19
Bir Haddada;Setif;19
Bouandas;Setif;19
Bougaa;Setif;19
Bousselam;Setif;19
Boutaleb;Setif;19
Dehamcha;Setif;19
Djemila;Setif;19
Draa Kebila;Setif;19
El Eulma;Setif;19
El Ouldja;Setif;19
El Ouricia;Setif;19
Guellal;Setif;19
Guelta Zerka;Setif;19
Guenzet;Setif;19
Guidjel;Setif;19
Hamma;Setif;19
Hammam Guergour;Setif;19
Hammam Soukhna;Setif;19
Harbil;Setif;19
Ksar El Abtal;Setif;19
Maaouia;Setif;19
Maoklane;Setif;19
Mezloug;Setif;19
Oued El Barad;Setif;19
Ouled Addouane;Setif;19
Ouled Sabor;Setif;19
Ouled Si Ahmed;Setif;19
Ouled Tebben;Setif;19
Rasfa;Setif;19
Salah Bey;Setif;19
Serdj El Ghoul;Setif;19
Sétif;Setif;19
Tachouda;Setif;19
Talaifacene;Setif;19
Taya;Setif;19
Tella;Setif;19
Tizi N'Bechar;Setif;19
Aïn El Hadjar;Saïda;20
Aïn Sekhouna;Saïda;20
Aïn Soltane;Saïda;20
Doui Thabet;Saïda;20
El Hassasna;Saïda;20
Hounet;Saïda;20
Maamora;Saïda;20
Moulay Larbi;Saïda;20
Ouled Brahim;Saïda;20
Ouled Khaled;Saïda;20
Saïda;Saïda;20
Sidi Ahmed;Saïda;20
Sidi Amar;Saïda;20
Sidi Boubekeur;Saïda;20
Tircine;Saïda;20
Youb;Saïda;20
Aïn Bouziane;Skikda;21
Aïn Charchar;Skikda;21
Aïn Kechra;Skikda;21
Aïn Zouit;Skikda;21
Azzaba;Skikda;21
Bekkouche Lakhdar;Skikda;21
Bin El Ouiden;Skikda;21
Ben Azzouz;Skikda;21
Beni Bechir;Skikda;21
Beni Oulbane;Skikda;21
Beni Zid;Skikda;21
Bouchtata;Skikda;21
Cheraia;Skikda;21
Collo;Skikda;21
Djendel Saadi Mohamed;Skikda;21
El Ghedir;Skikda;21
El Hadaiek;Skikda;21
El Harrouch;Skikda;21
El Marsa;Skikda;21
Emdjez Edchich;Skikda;21
Es Sebt;Skikda;21
Filfila;Skikda;21
Hamadi Krouma;Skikda;21
Kanoua;Skikda;21
Kerkera;Skikda;21
Kheneg Mayoum;Skikda;21
Oued Zehour;Skikda;21
Ouldja Boulballout;Skikda;21
Ouled Attia;Skikda;21
Ouled Hbaba;Skikda;21
Oum Toub;Skikda;21
Ramdane Djamel;Skikda;21
Salah Bouchaour;Skikda;21
Sidi Mezghiche;Skikda;21
Skikda;Skikda;21
Tamalous;Skikda;21
Zerdaza;Skikda;21
Zitouna;Skikda;21
Aïn Adden;Sidi Bel Abbès;22
Aïn El Berd;Sidi Bel Abbès;22
Aïn Kada;Sidi Bel Abbès;22
Aïn Thrid;Sidi Bel Abbès;22
Aïn Tindamine;Sidi Bel Abbès;22
Amarnas;Sidi Bel Abbès;22
Badredine El Mokrani;Sidi Bel Abbès;22
Belarbi;Sidi Bel Abbès;22
Ben Badis;Sidi Bel Abbès;22
Benachiba Chelia;Sidi Bel Abbès;22
Bir El Hammam;Sidi Bel Abbès;22
Boudjebaa El Bordj;Sidi Bel Abbès;22
Boukhanafis;Sidi Bel Abbès;22
Chettouane Belaila;Sidi Bel Abbès;22
Dhaya;Sidi Bel Abbès;22
El Haçaiba;Sidi Bel Abbès;22
Hassi Dahou;Sidi Bel Abbès;22
Hassi Zehana;Sidi Bel Abbès;22
Lamtar;Sidi Bel Abbès;22
Makedra;Sidi Bel Abbès;22
Marhoum;Sidi Bel Abbès;22
M'Cid;Sidi Bel Abbès;22
Merine;Sidi Bel Abbès;22
Mezaourou;Sidi Bel Abbès;22
Mostefa Ben Brahim;Sidi Bel Abbès;22
Moulay Slissen;Sidi Bel Abbès;22
Oued Sebaa;Sidi Bel Abbès;22
Oued Sefioun;Sidi Bel Abbès;22
Oued Taourira;Sidi Bel Abbès;22
Ras El Ma;Sidi Bel Abbès;22
Redjem Demouche;Sidi Bel Abbès;22
Sehala Thaoura;Sidi Bel Abbès;22
Sfisef;Sidi Bel Abbès;22
Sidi Ali Benyoub;Sidi Bel Abbès;22
Sidi Ali Boussidi;Sidi Bel Abbès;22
Sidi Bel Abbes;Sidi Bel Abbès;22
Sidi Brahim;Sidi Bel Abbès;22
Sidi Chaib;Sidi Bel Abbès;22
Sidi Daho des Zairs;Sidi Bel Abbès;22
Sidi Hamadouche;Sidi Bel Abbès;22
Sidi Khaled;Sidi Bel Abbès;22
Sidi Lahcene;Sidi Bel Abbès;22
Sidi Yacoub;Sidi Bel Abbès;22
Tabia;Sidi Bel Abbès;22
Tafissour;Sidi Bel Abbès;22
Taoudmout;Sidi Bel Abbès;22
Teghalimet;Sidi Bel Abbès;22
Telagh;Sidi Bel Abbès;22
Tenira;Sidi Bel Abbès;22
Tessala;Sidi Bel Abbès;22
Tilmouni;Sidi Bel Abbès;22
Zerouala;Sidi Bel Abbès;22
Annaba;Annaba;23
Berrahal;Annaba;23
El Hadjar;Annaba;23
Eulma;Annaba;23
El Bouni;Annaba;23
Oued El Aneb;Annaba;23
Cheurfa;Annaba;23
Seraïdi;Annaba;23
Aïn Berda;Annaba;23
Chetaïbi;Annaba;23
Sidi Amar;Annaba;23
Treat;Annaba;23
Aïn Ben Beida;Guelma;24
Aïn Larbi;Guelma;24
Aïn Makhlouf;Guelma;24
Aïn Reggada;Guelma;24
Aïn Sandel;Guelma;24
Belkheir;Guelma;24
Ben Djerrah;Guelma;24
Beni Mezline;Guelma;24
Bordj Sabath;Guelma;24
Bouhachana;Guelma;24
Bouhamdane;Guelma;24
Bouati Mahmoud;Guelma;24
Bouchegouf;Guelma;24
Boumahra Ahmed;Guelma;24
Dahouara;Guelma;24
Djeballah Khemissi;Guelma;24
El Fedjoudj;Guelma;24
Guellat Bou Sbaa;Guelma;24
Guelma;Guelma;24
Hammam Debagh;Guelma;24
Hammam N'Bail;Guelma;24
Héliopolis;Guelma;24
Houari Boumédiène;Guelma;24
Khezarra;Guelma;24
Medjez Amar;Guelma;24
Medjez Sfa;Guelma;24
Nechmaya;Guelma;24
Oued Cheham;Guelma;24
Oued Fragha;Guelma;24
Oued Zenati;Guelma;24
Ras El Agba;Guelma;24
Roknia;Guelma;24
Sellaoua Announa;Guelma;24
Tamlouka;Guelma;24
Ouled Rahmoune;Constantine;25
Aïn Abid;Constantine;25
El Khroub;Constantine;25
Ibn Badis;Constantine;25
Aïn Smara;Constantine;25
Constantine;Constantine;25
Ibn Ziad;Constantine;25
Hamma Bouziane;Constantine;25
Didouche Mourad;Constantine;25
Messaoud Boudjriou;Constantine;25
Beni Hamiden;Constantine;25
Zighoud Youcef;Constantine;25
Aïn Boucif;Médéa;26
Aïn Ouksir;Médéa;26
Aissaouia;Médéa;26
Aziz;Médéa;26
Baata;Médéa;26
Benchicao;Médéa;26
Beni Slimane;Médéa;26
Berrouaghia;Médéa;26
Bir Ben Laabed;Médéa;26
Boghar;Médéa;26
Bou Aiche;Médéa;26
Bouaichoune;Médéa;26
Bouchrahil;Médéa;26
Boughezoul;Médéa;26
Bouskene;Médéa;26
Chahbounia;Médéa;26
Chellalet El Adhaoura;Médéa;26
Cheniguel;Médéa;26
Derrag;Médéa;26
Deux Bassins;Médéa;26
Djouab;Médéa;26
Draa Essamar;Médéa;26
El Azizia;Médéa;26
El Guelb El Kebir;Médéa;26
El Hamdania;Médéa;26
El Omaria;Médéa;26
El Ouinet;Médéa;26
Hannacha;Médéa;26
Kef Lakhdar;Médéa;26
Khams Djouamaa;Médéa;26
Ksar Boukhari;Médéa;26
Meghraoua;Médéa;26
Médéa;Médéa;26
Moudjbar;Médéa;26
Meftaha;Médéa;26
Mezerana;Médéa;26
Mihoub;Médéa;26
Ouamri;Médéa;26
Oued Harbil;Médéa;26
Ouled Antar;Médéa;26
Ouled Bouachra;Médéa;26
Ouled Brahim;Médéa;26
Ouled Deide;Médéa;26
Ouled Hellal;Médéa;26
Ouled Maaref;Médéa;26
Oum El Djalil;Médéa;26
Ouzera;Médéa;26
Rebaia;Médéa;26
Saneg;Médéa;26
Sedraia;Médéa;26
Seghouane;Médéa;26
Si Mahdjoub;Médéa;26
Sidi Damed;Médéa;26
Sidi Errabia;Médéa;26
Sidi Naamane;Médéa;26
Sidi Zahar;Médéa;26
Sidi Ziane;Médéa;26
Souagui;Médéa;26
Tablat;Médéa;26
Tafraout;Médéa;26
Tamesguida;Médéa;26
Tizi Mahdi;Médéa;26
Tlatet Eddouar;Médéa;26
Zoubiria;Médéa;26
Abdelmalek Ramdane;Mostaghanem;27
Achaacha;Mostaghanem;27
Aïn Boudinar;Mostaghanem;27
Aïn Nouissy;Mostaghanem;27
Aïn Sidi Cherif;Mostaghanem;27
Aïn Tedles;Mostaghanem;27
Blad Touahria;Mostaghanem;27
Bouguirat;Mostaghanem;27
El Hassiane;Mostaghanem;27
Fornaka;Mostaghanem;27
Hadjadj;Mostaghanem;27
Hassi Mameche;Mostaghanem;27
Khadra;Mostaghanem;27
Kheireddine;Mostaghanem;27
Mansourah;Mostaghanem;27
Mesra;Mostaghanem;27
Mazagran;Mostaghanem;27
Mostaganem;Mostaghanem;27
Nekmaria;Mostaghanem;27
Oued El Kheir;Mostaghanem;27
Ouled Boughalem;Mostaghanem;27
Ouled Maallah;Mostaghanem;27
Safsaf;Mostaghanem;27
Sayada;Mostaghanem;27
Sidi Ali;Mostaghanem;27
Sidi Belattar;Mostaghanem;27
Sidi Lakhdar;Mostaghanem;27
Sirat;Mostaghanem;27
Souaflia;Mostaghanem;27
Sour;Mostaghanem;27
Stidia;Mostaghanem;27
Tazgait;Mostaghanem;27
Aïn El Hadjel;Msila;28
Aïn El Melh;Msila;28
Aïn Errich;Msila;28
Aïn Fares;Msila;28
Aïn Khadra;Msila;28
Belaiba;Msila;28
Ben Srour;Msila;28
Beni Ilmane;Msila;28
Benzouh;Msila;28
Berhoum;Msila;28
Bir Foda;Msila;28
Bou Saâda;Msila;28
Bouti Sayah;Msila;28
Chellal;Msila;28
Dehahna;Msila;28
Djebel Messaad;Msila;28
El Hamel;Msila;28
El Houamed;Msila;28
Hammam Dhalaa;Msila;28
Khettouti Sed El Djir;Msila;28
Khoubana;Msila;28
Maadid;Msila;28
Maarif;Msila;28
Magra;Msila;28
M'Cif;Msila;28
Medjedel;Msila;28
M'Sila;Msila;28
M'Tarfa;Msila;28
Ouanougha;Msila;28
Ouled Addi Guebala;Msila;28
Ouled Atia;Msila;28
Mohammed Boudiaf;Msila;28
Ouled Derradj;Msila;28
Ouled Madhi;Msila;28
Ouled Mansour;Msila;28
Ouled Sidi Brahim;Msila;28
Ouled Slimane;Msila;28
Oultem;Msila;28
Sidi Aïssa;Msila;28
Sidi Ameur;Msila;28
Sidi Hadjeres;Msila;28
Sidi M'Hamed;Msila;28
Slim;Msila;28
Souamaa;Msila;28
Tamsa;Msila;28
Tarmount;Msila;28
Zarzour;Msila;28
Aïn Fares;Mascara;29
Aïn Fekan;Mascara;29
Aïn Ferah;Mascara;29
Aïn Fras;Mascara;29
Alaïmia;Mascara;29
Aouf;Mascara;29
Beniane;Mascara;29
Bou Hanifia;Mascara;29
Bou Henni;Mascara;29
Chorfa;Mascara;29
El Bordj;Mascara;29
El Gaada;Mascara;29
El Ghomri;Mascara;29
El Guettana;Mascara;29
El Keurt;Mascara;29
El Menaouer;Mascara;29
Ferraguig;Mascara;29
Froha;Mascara;29
Gharrous;Mascara;29
Guerdjoum;Mascara;29
Ghriss;Mascara;29
Hachem;Mascara;29
Hacine;Mascara;29
Khalouia;Mascara;29
Makdha;Mascara;29
Mamounia;Mascara;29
Maoussa;Mascara;29
Mascara;Mascara;29
Matemore;Mascara;29
Mocta Douz;Mascara;29
Mohammadia;Mascara;29
Nesmoth;Mascara;29
Oggaz;Mascara;29
Oued El Abtal;Mascara;29
Oued Taria;Mascara;29
Ras El Aïn Amirouche;Mascara;29
Sedjerara;Mascara;29
Sehailia;Mascara;29
Sidi Abdeldjebar;Mascara;29
Sidi Abdelmoumen;Mascara;29
Sidi Kada;Mascara;29
Sidi Boussaid;Mascara;29
Sig;Mascara;29
Tighennif;Mascara;29
Tizi;Mascara;29
Zahana;Mascara;29
Zelmata;Mascara;29
Aïn Beida;Ouargla;30
El Borma;Ouargla;30
Hassi Ben Abdellah;Ouargla;30
Hassi Messaoud;Ouargla;30
N'Goussa;Ouargla;30
Ouargla;Ouargla;30
Rouissat;Ouargla;30
Sidi Khouiled;Ouargla;30
Oran;Oran;31
Gdyel;Oran;31
Bir El Djir;Oran;31
Hassi Bounif;Oran;31
Es Senia;Oran;31
Arzew;Oran;31
Bethioua;Oran;31
Marsat El Hadjadj;Oran;31
Aïn El Turk;Oran;31
El Ançor;Oran;31
Oued Tlelat;Oran;31
Tafraoui;Oran;31
Sidi Chami;Oran;31
Boufatis;Oran;31
Mers El Kébir;Oran;31
Bousfer;Oran;31
El Kerma;Oran;31
El Braya;Oran;31
Hassi Ben Okba;Oran;31
Ben Freha;Oran;31
Hassi Mefsoukh;Oran;31
Sidi Benyebka;Oran;31
Misserghin;Oran;31
Boutlelis;Oran;31
Aïn El Kerma;Oran;31
Aïn El Bia;Oran;31
El Bayadh;El Bayadh;32
Rogassa;El Bayadh;32
Stitten;El Bayadh;32
Brezina;El Bayadh;32
Ghassoul;El Bayadh;32
Boualem;El Bayadh;32
El Abiodh Sidi Cheikh;El Bayadh;32
Aïn El Orak;El Bayadh;32
Arbaouat;El Bayadh;32
Bougtoub;El Bayadh;32
El Kheiter;El Bayadh;32
Kef El Ahmar;El Bayadh;32
Boussemghoun;El Bayadh;32
Chellala;El Bayadh;32
Kraakda;El Bayadh;32
El Bnoud;El Bayadh;32
Cheguig;El Bayadh;32
Sidi Ameur;El Bayadh;32
El Mehara;El Bayadh;32
Tousmouline;El Bayadh;32
Sidi Slimane;El Bayadh;32
Sidi Tifour;El Bayadh;32
Illizi;Illizi;33
Debdeb;Illizi;33
Bordj Omar Driss;Illizi;33
In Amenas;Illizi;33
Aïn Taghrout;Bordj Bou Arreridj;34
Aïn Tesra;Bordj Bou Arreridj;34
Belimour;Bordj Bou Arreridj;34
Ben Daoud;Bordj Bou Arreridj;34
Bir Kasdali;Bordj Bou Arreridj;34
Bordj Bou Arreridj;Bordj Bou Arreridj;34
Bordj Ghedir;Bordj Bou Arreridj;34
Bordj Zemoura;Bordj Bou Arreridj;34
Colla;Bordj Bou Arreridj;34
Djaafra;Bordj Bou Arreridj;34
El Ach;Bordj Bou Arreridj;34
El Achir;Bordj Bou Arreridj;34
El Anseur;Bordj Bou Arreridj;34
El Hamadia;Bordj Bou Arreridj;34
El Main;Bordj Bou Arreridj;34
El M'hir;Bordj Bou Arreridj;34
Ghilassa;Bordj Bou Arreridj;34
Haraza;Bordj Bou Arreridj;34
Hasnaoua;Bordj Bou Arreridj;34
Khelil;Bordj Bou Arreridj;34
Ksour;Bordj Bou Arreridj;34
Mansoura;Bordj Bou Arreridj;34
Medjana;Bordj Bou Arreridj;34
Ouled Brahem;Bordj Bou Arreridj;34
Ouled Dahmane;Bordj Bou Arreridj;34
Ouled Sidi Brahim;Bordj Bou Arreridj;34
Rabta;Bordj Bou Arreridj;34
Ras El Oued;Bordj Bou Arreridj;34
Sidi Embarek;Bordj Bou Arreridj;34
Tefreg;Bordj Bou Arreridj;34
Taglait;Bordj Bou Arreridj;34
Teniet En Nasr;Bordj Bou Arreridj;34
Tassameurt;Bordj Bou Arreridj;34
Tixter;Bordj Bou Arreridj;34
Afir;Boumerdès;35
Ammal;Boumerdès;35
Baghlia;Boumerdès;35
Ben Choud;Boumerdès;35
Beni Amrane;Boumerdès;35
Bordj Menaïel;Boumerdès;35
Boudouaou;Boumerdès;35
Boudouaou-El-Bahri;Boumerdès;35
Boumerdes;Boumerdès;35
Bouzegza Keddara;Boumerdès;35
Chabet el Ameur;Boumerdès;35
Corso;Boumerdès;35
Dellys;Boumerdès;35
Djinet;Boumerdès;35
El Kharrouba;Boumerdès;35
Hammedi;Boumerdès;35
Issers;Boumerdès;35
Khemis El-Khechna;Boumerdès;35
Larbatache;Boumerdès;35
Leghata;Boumerdès;35
Naciria;Boumerdès;35
Ouled Aïssa;Boumerdès;35
Ouled Hedadj;Boumerdès;35
Ouled Moussa;Boumerdès;35
Si Mustapha;Boumerdès;35
Sidi Daoud;Boumerdès;35
Souk El Had;Boumerdès;35
Taourga;Boumerdès;35
Thenia;Boumerdès;35
Tidjelabine;Boumerdès;35
Timezrit;Boumerdès;35
Zemmouri;Boumerdès;35
Aïn El Assel;El Taref;36
Aïn Kerma;El Taref;36
Asfour;El Taref;36
Ben Mehidi;El Taref;36
Berrihane;El Taref;36
Besbes;El Taref;36
Bougous;El Taref;36
Bouhadjar;El Taref;36
Bouteldja;El Taref;36
Chebaita Mokhtar;El Taref;36
Chefia;El Taref;36
Chihani;El Taref;36
Dréan;El Taref;36
Echatt;El Taref;36
El Aioun;El Taref;36
El Kala;El Taref;36
El Tarf;El Taref;36
Hammam Beni Salah;El Taref;36
Lac des Oiseaux;El Taref;36
Oued Zitoun;El Taref;36
Raml Souk;El Taref;36
Souarekh;El Taref;36
Zerizer;El Taref;36
Zitouna;El Taref;36
Oum el Assel;Tindouf;37
Tindouf;Tindouf;37
Ammari;Tissemsilt;38
Beni Chaib;Tissemsilt;38
Beni Lahcene;Tissemsilt;38
Boucaid;Tissemsilt;38
Bordj Bou Naama;Tissemsilt;38
Bordj El Emir Abdelkader;Tissemsilt;38
Khemisti;Tissemsilt;38
Larbaa;Tissemsilt;38
Lardjem;Tissemsilt;38
Layoune;Tissemsilt;38
Lazharia;Tissemsilt;38
Maacem;Tissemsilt;38
Melaab;Tissemsilt;38
Ouled Bessem;Tissemsilt;38
Sidi Abed;Tissemsilt;38
Sidi Boutouchent;Tissemsilt;38
Sidi Lantri;Tissemsilt;38
Sidi Slimane;Tissemsilt;38
Tamalaht;Tissemsilt;38
Theniet El Had;Tissemsilt;38
Tissemsilt;Tissemsilt;38
Youssoufia;Tissemsilt;38
El Oued;El Oued;39
Robbah;El Oued;39
Oued El Alenda;El Oued;39
Bayadha;El Oued;39
Nakhla;El Oued;39
Guemar;El Oued;39
Kouinine;El Oued;39
Reguiba;El Oued;39
Hamraia;El Oued;39
Taghzout;El Oued;39
Debila;El Oued;39
Hassani Abdelkrim;El Oued;39
Hassi Khalifa;El Oued;39
Taleb Larbi;El Oued;39
Douar El Ma;El Oued;39
Sidi Aoun;El Oued;39
Trifaoui;El Oued;39
Magrane;El Oued;39
Beni Guecha;El Oued;39
Ourmas;El Oued;39
El Ogla;El Oued;39
Mih Ouansa;El Oued;39
Aïn Touila;Khenchela;40
Babar;Khenchela;40
Baghai;Khenchela;40
Bouhmama;Khenchela;40
Chechar;Khenchela;40
Chelia;Khenchela;40
Djellal;Khenchela;40
El Hamma;Khenchela;40
El Mahmal;Khenchela;40
El Oueldja;Khenchela;40
Ensigha;Khenchela;40
Kais;Khenchela;40
Khenchela;Khenchela;40
Khirane;Khenchela;40
M'Sara;Khenchela;40
M'Toussa;Khenchela;40
Ouled Rechache;Khenchela;40
Remila;Khenchela;40
Tamza;Khenchela;40
Taouzient;Khenchela;40
Yabous;Khenchela;40
Souk Ahras;Souk ahras;41
Sedrata;Souk ahras;41
Hanancha;Souk ahras;41
Mechroha;Souk ahras;41
Ouled Driss;Souk ahras;41
Tiffech;Souk ahras;41
Zaarouria;Souk ahras;41
Taoura;Souk ahras;41
Dréa;Souk ahras;41
Heddada;Souk ahras;41
Khedara;Souk ahras;41
Merahna;Souk ahras;41
Ouled Moumene;Souk ahras;41
Bir Bou Haouch;Souk ahras;41
M'daourouch;Souk ahras;41
Oum El Adhaim;Souk ahras;41
Aïn Zana;Souk ahras;41
Aïn Soltane;Souk ahras;41
Ouillen;Souk ahras;41
Sidi Fredj;Souk ahras;41
Safel El Ouiden;Souk ahras;41
Ragouba;Souk ahras;41
Khemissa;Souk ahras;41
Oued Keberit;Souk ahras;41
Terraguelt;Souk ahras;41
Zouabi;Souk ahras;41
Tipaza;Tipaza;42
Menaceur;Tipaza;42
Larhat;Tipaza;42
Douaouda;Tipaza;42
Bourkika;Tipaza;42
Khemisti;Tipaza;42
Aghbal;Tipaza;42
Hadjout;Tipaza;42
Sidi Amar;Tipaza;42
Gouraya;Tipaza;42
Nador;Tipaza;42
Chaiba;Tipaza;42
Aïn Tagourait;Tipaza;42
Cherchell;Tipaza;42
Damous;Tipaza;42
Merad;Tipaza;42
Fouka;Tipaza;42
Bou Ismaïl;Tipaza;42
Ahmar El Aïn;Tipaza;42
Bouharoun;Tipaza;42
Sidi Ghiles;Tipaza;42
Messelmoun;Tipaza;42
Sidi Rached;Tipaza;42
Koléa;Tipaza;42
Attatba;Tipaza;42
Sidi Semiane;Tipaza;42
Beni Milleuk;Tipaza;42
Hadjeret Ennous;Tipaza;42
Ahmed Rachedi;Mila;43
Aïn Beida Harriche;Mila;43
Aïn Mellouk;Mila;43
Aïn Tine;Mila;43
Amira Arrès;Mila;43
Benyahia Abderrahmane;Mila;43
Bouhatem;Mila;43
Chelghoum Laid;Mila;43
Chigara;Mila;43
Derradji Bousselah;Mila;43
El Mechira;Mila;43
Elayadi Barbes;Mila;43
Ferdjioua;Mila;43
Grarem Gouga;Mila;43
Hamala;Mila;43
Mila;Mila;43
Minar Zarza;Mila;43
Oued Athmania;Mila;43
Oued Endja;Mila;43
Oued Seguen;Mila;43
Ouled Khalouf;Mila;43
Rouached;Mila;43
Sidi Khelifa;Mila;43
Sidi Merouane;Mila;43
Tadjenanet;Mila;43
Tassadane Haddada;Mila;43
Teleghma;Mila;43
Terrai Bainen;Mila;43
Tessala Lemtaï;Mila;43
Tiberguent;Mila;43
Yahia Beni Guecha;Mila;43
Zeghaia;Mila;43
Aïn Benian;Aïn Defla;44
Aïn Bouyahia;Aïn Defla;44
Aïn Defla;Aïn Defla;44
Aïn Lechiekh;Aïn Defla;44
Aïn Soltane;Aïn Defla;44
Aïn Torki;Aïn Defla;44
Arib;Aïn Defla;44
Bathia;Aïn Defla;44
Belaas;Aïn Defla;44
Ben Allal;Aïn Defla;44
Birbouche;Aïn Defla;44
Bir Ould Khelifa;Aïn Defla;44
Bordj Emir Khaled;Aïn Defla;44
Boumedfaa;Aïn Defla;44
Bourached;Aïn Defla;44
Djelida;Aïn Defla;44
Djemaa Ouled Cheikh;Aïn Defla;44
Djendel;Aïn Defla;44
El Abadia;Aïn Defla;44
El Amra;Aïn Defla;44
El Attaf;Aïn Defla;44
El Hassania;Aïn Defla;44
El Maine;Aïn Defla;44
Hammam Righa;Aïn Defla;44
Hoceinia;Aïn Defla;44
Khemis Miliana;Aïn Defla;44
Mekhatria;Aïn Defla;44
Miliana;Aïn Defla;44
Oued Chorfa;Aïn Defla;44
Oued Djemaa;Aïn Defla;44
Rouina;Aïn Defla;44
Sidi Lakhdar;Aïn Defla;44
Tacheta Zougagha;Aïn Defla;44
Tarik Ibn Ziad;Aïn Defla;44
Tiberkanine;Aïn Defla;44
Zeddine;Aïn Defla;44
Naâma;Naâma;45
Mecheria;Naâma;45
Aïn Sefra;Naâma;45
Tiout;Naâma;45
Sfissifa;Naâma;45
Moghrar;Naâma;45
Assela;Naâma;45
Djeniene Bourezg;Naâma;45
Aïn Ben Khelil;Naâma;45
Makman Ben Amer;Naâma;45
Kasdir;Naâma;45
El Biod;Naâma;45
Aghlal;Aïn Témouchent;46
Aïn El Arbaa;Aïn Témouchent;46
Aïn Kihal;Aïn Témouchent;46
Aïn Témouchent;Aïn Témouchent;46
Aïn Tolba;Aïn Témouchent;46
Aoubellil;Aïn Témouchent;46
Beni Saf;Aïn Témouchent;46
Bouzedjar;Aïn Témouchent;46
Chaabat El Leham;Aïn Témouchent;46
Chentouf;Aïn Témouchent;46
El Amria;Aïn Témouchent;46
El Emir Abdelkader;Aïn Témouchent;46
El Malah;Aïn Témouchent;46
El Messaid;Aïn Témouchent;46
Hammam Bouhadjar;Aïn Témouchent;46
Hassasna;Aïn Témouchent;46
Hassi El Ghella;Aïn Témouchent;46
Oued Berkeche;Aïn Témouchent;46
Oued Sabah;Aïn Témouchent;46
Ouled Boudjemaa;Aïn Témouchent;46
Ouled Kihal;Aïn Témouchent;46
Oulhaça El Gheraba;Aïn Témouchent;46
Sidi Ben Adda;Aïn Témouchent;46
Sidi Boumedienne;Aïn Témouchent;46
Sidi Ouriache;Aïn Témouchent;46
Sidi Safi;Aïn Témouchent;46
Tamzoura;Aïn Témouchent;46
Terga;Aïn Témouchent;46
Berriane;Ghardaïa;47
Bounoura;Ghardaïa;47
Dhayet Bendhahoua;Ghardaïa;47
El Atteuf;Ghardaïa;47
El Guerrara;Ghardaïa;47
Ghardaïa;Ghardaïa;47
Mansoura;Ghardaïa;47
Metlili;Ghardaïa;47
Sebseb;Ghardaïa;47
Zelfana;Ghardaïa;47
Aïn Rahma;Relizane;48
Aïn Tarek;Relizane;48
Aarch Meknassa;Relizane;48
Ammi Moussa;Relizane;48
Belassel Bouzegza;Relizane;48
Bendaoud;Relizane;48
Beni Dergoun;Relizane;48
Beni Zentis;Relizane;48
Dar Ben Abdellah;Relizane;48
Djidioua;Relizane;48
El Guettar;Relizane;48
El Hamadna;Relizane;48
El Hassi;Relizane;48
El Matmar;Relizane;48
El Ouldja;Relizane;48
Had Echkalla;Relizane;48
Hamri;Relizane;48
Kalaa;Relizane;48
Lahlef;Relizane;48
Mazouna;Relizane;48
Mediouna;Relizane;48
Mendes;Relizane;48
Merdja Sidi Abed;Relizane;48
Ouarizane;Relizane;48
Oued Essalem;Relizane;48
Oued Rhiou;Relizane;48
Ouled Aiche;Relizane;48
Oued El Djemaa;Relizane;48
Ouled Sidi Mihoub;Relizane;48
Ramka;Relizane;48
Relizane;Relizane;48
Sidi Khettab;Relizane;48
Sidi Lazreg;Relizane;48
Sidi M'Hamed Ben Ali;Relizane;48
Sidi M'Hamed Benaouda;Relizane;48
Sidi Saada;Relizane;48
Souk El Had;Relizane;48
Yellel;Relizane;48
Zemmora;Relizane;48
Aougrout;Timimoun;49
Charouine;Timimoun;49
Deldoul;Timimoun;49
Ksar Kaddour;Timimoun;49
Metarfa;Timimoun;49
Ouled Aïssa;Timimoun;49
Ouled Saïd;Timimoun;49
Talmine;Timimoun;49
Timimoun;Timimoun;49
Tinerkouk;Timimoun;49
Bordj Badji Mokhtar;Bordj Badji Mokhtar;50
Timiaouine;Bordj Badji Mokhtar;50
Besbes;Ouled Djellal;51
Ech Chaïba;Ouled Djellal;51
Doucen;Ouled Djellal;51
Ouled Djellal;Ouled Djellal;51
Sidi Khaled;Ouled Djellal;51
Ras El Miaad;Ouled Djellal;51
Béni Abbès;Béni Abbès;52
Beni Ikhlef;Béni Abbès;52
El Ouata;Béni Abbès;52
Igli;Béni Abbès;52
Kerzaz;Béni Abbès;52
Ksabi;Béni Abbès;52
Oulad khodeir;Béni Abbès;52
Tabelbala;Béni Abbès;52
Tamtert;Béni Abbès;52
Timoudi;Béni Abbès;52
In Salah;In Salah;53
Foggaret Ezzaouia;In Salah;53
In Ghar;In Salah;53
In Guezzam;In Guezzam;54
Tin Zaouatine;In Guezzam;54
Benaceur;Touggourt;55
Blidet Amor;Touggourt;55
El Allia;Touggourt;55
El Hadjira;Touggourt;55
Megarine;Touggourt;55
M'Naguer;Touggourt;55
Nezla;Touggourt;55
Sidi Slimane;Touggourt;55
Taibet;Touggourt;55
Temacine;Touggourt;55
Tebesbest;Touggourt;55
Touggourt;Touggourt;55
Zaouia El Abidia;Touggourt;55
Djanet;Djanet;56
Bordj El Haouas;Djanet;56
Djamaa;El MGhair;57
El M'Ghair;El MGhair;57
Merara;El MGhair;57
Oum Touyour;El MGhair;57
Sidi Amrane;El MGhair;57
Sidi Khellil;El MGhair;57
Still;El MGhair;57
Tendla;El MGhair;57
El Menia;El Meniaa;58
Hassi Gara;El Meniaa;58
Hassi Fehal;El Meniaa;58